year,week,loc,state,country,loc_type,number,event
1927,47,SOUTH DAKOTA,SD,US,STATE,3,CASES
1927,48,SOUTH DAKOTA,SD,US,STATE,10,CASES
1927,49,SOUTH DAKOTA,SD,US,STATE,2,CASES
1927,51,SOUTH DAKOTA,SD,US,STATE,1,CASES
1927,52,SOUTH DAKOTA,SD,US,STATE,2,CASES
1928,4,SOUTH DAKOTA,SD,US,STATE,4,CASES
1928,5,SOUTH DAKOTA,SD,US,STATE,3,CASES
1928,6,SOUTH DAKOTA,SD,US,STATE,9,CASES
1928,7,SOUTH DAKOTA,SD,US,STATE,2,CASES
1928,11,SOUTH DAKOTA,SD,US,STATE,3,CASES
1928,15,SOUTH DAKOTA,SD,US,STATE,5,CASES
1928,16,SOUTH DAKOTA,SD,US,STATE,1,CASES
1928,18,SOUTH DAKOTA,SD,US,STATE,1,CASES
1928,19,SOUTH DAKOTA,SD,US,STATE,2,CASES
1928,20,SOUTH DAKOTA,SD,US,STATE,2,CASES
1928,21,SOUTH DAKOTA,SD,US,STATE,1,CASES
1928,22,SOUTH DAKOTA,SD,US,STATE,3,CASES
1928,24,SOUTH DAKOTA,SD,US,STATE,1,CASES
1928,26,SOUTH DAKOTA,SD,US,STATE,1,CASES
1928,28,SOUTH DAKOTA,SD,US,STATE,3,CASES
1928,31,SOUTH DAKOTA,SD,US,STATE,1,CASES
1928,33,SOUTH DAKOTA,SD,US,STATE,4,CASES
1928,37,SOUTH DAKOTA,SD,US,STATE,1,CASES
1928,38,SOUTH DAKOTA,SD,US,STATE,1,CASES
1928,40,SOUTH DAKOTA,SD,US,STATE,2,CASES
1928,42,SOUTH DAKOTA,SD,US,STATE,11,CASES
1928,43,SOUTH DAKOTA,SD,US,STATE,4,CASES
1928,45,SOUTH DAKOTA,SD,US,STATE,4,CASES
1928,46,SOUTH DAKOTA,SD,US,STATE,4,CASES
1928,47,SOUTH DAKOTA,SD,US,STATE,3,CASES
1928,48,SOUTH DAKOTA,SD,US,STATE,1,CASES
1928,49,SOUTH DAKOTA,SD,US,STATE,4,CASES
1928,52,SOUTH DAKOTA,SD,US,STATE,1,CASES
1929,1,SOUTH DAKOTA,SD,US,STATE,4,CASES
1929,3,SOUTH DAKOTA,SD,US,STATE,1,CASES
1929,4,SOUTH DAKOTA,SD,US,STATE,2,CASES
1929,5,SOUTH DAKOTA,SD,US,STATE,3,CASES
1929,7,SOUTH DAKOTA,SD,US,STATE,4,CASES
1929,8,SOUTH DAKOTA,SD,US,STATE,2,CASES
1929,9,SOUTH DAKOTA,SD,US,STATE,1,CASES
1929,10,SOUTH DAKOTA,SD,US,STATE,1,CASES
1929,11,SOUTH DAKOTA,SD,US,STATE,11,CASES
1929,12,SOUTH DAKOTA,SD,US,STATE,3,CASES
1929,13,SOUTH DAKOTA,SD,US,STATE,6,CASES
1929,14,SOUTH DAKOTA,SD,US,STATE,3,CASES
1929,15,SOUTH DAKOTA,SD,US,STATE,10,CASES
1929,17,SOUTH DAKOTA,SD,US,STATE,5,CASES
1929,18,SOUTH DAKOTA,SD,US,STATE,3,CASES
1929,19,SOUTH DAKOTA,SD,US,STATE,3,CASES
1929,20,SOUTH DAKOTA,SD,US,STATE,2,CASES
1929,21,SOUTH DAKOTA,SD,US,STATE,1,CASES
1929,22,SOUTH DAKOTA,SD,US,STATE,3,CASES
1929,25,SOUTH DAKOTA,SD,US,STATE,4,CASES
1929,28,SOUTH DAKOTA,SD,US,STATE,7,CASES
1929,29,SOUTH DAKOTA,SD,US,STATE,3,CASES
1929,31,SOUTH DAKOTA,SD,US,STATE,1,CASES
1929,32,SOUTH DAKOTA,SD,US,STATE,7,CASES
1929,34,SOUTH DAKOTA,SD,US,STATE,2,CASES
1929,35,SOUTH DAKOTA,SD,US,STATE,2,CASES
1929,36,SOUTH DAKOTA,SD,US,STATE,1,CASES
1929,37,SOUTH DAKOTA,SD,US,STATE,2,CASES
1929,38,SOUTH DAKOTA,SD,US,STATE,3,CASES
1929,39,SOUTH DAKOTA,SD,US,STATE,1,CASES
1929,40,SOUTH DAKOTA,SD,US,STATE,7,CASES
1929,41,SOUTH DAKOTA,SD,US,STATE,8,CASES
1929,42,SOUTH DAKOTA,SD,US,STATE,2,CASES
1929,43,SOUTH DAKOTA,SD,US,STATE,6,CASES
1929,45,SOUTH DAKOTA,SD,US,STATE,11,CASES
1929,46,SOUTH DAKOTA,SD,US,STATE,5,CASES
1929,47,SOUTH DAKOTA,SD,US,STATE,2,CASES
1929,48,SOUTH DAKOTA,SD,US,STATE,2,CASES
1929,49,SOUTH DAKOTA,SD,US,STATE,6,CASES
1929,52,SOUTH DAKOTA,SD,US,STATE,1,CASES
1930,1,SOUTH DAKOTA,SD,US,STATE,5,CASES
1930,3,SOUTH DAKOTA,SD,US,STATE,1,CASES
1930,4,SOUTH DAKOTA,SD,US,STATE,7,CASES
1930,6,SOUTH DAKOTA,SD,US,STATE,1,CASES
1930,7,SOUTH DAKOTA,SD,US,STATE,3,CASES
1930,8,SOUTH DAKOTA,SD,US,STATE,1,CASES
1930,9,SOUTH DAKOTA,SD,US,STATE,3,CASES
1930,10,SOUTH DAKOTA,SD,US,STATE,3,CASES
1930,11,SOUTH DAKOTA,SD,US,STATE,1,CASES
1930,12,SOUTH DAKOTA,SD,US,STATE,1,CASES
1930,13,SOUTH DAKOTA,SD,US,STATE,5,CASES
1930,14,SOUTH DAKOTA,SD,US,STATE,12,CASES
1930,15,SOUTH DAKOTA,SD,US,STATE,5,CASES
1930,16,SOUTH DAKOTA,SD,US,STATE,2,CASES
1930,17,SOUTH DAKOTA,SD,US,STATE,1,CASES
1930,18,SOUTH DAKOTA,SD,US,STATE,3,CASES
1930,19,SOUTH DAKOTA,SD,US,STATE,3,CASES
1930,20,SOUTH DAKOTA,SD,US,STATE,3,CASES
1930,21,SOUTH DAKOTA,SD,US,STATE,2,CASES
1930,22,SOUTH DAKOTA,SD,US,STATE,7,CASES
1930,23,SOUTH DAKOTA,SD,US,STATE,2,CASES
1930,24,SOUTH DAKOTA,SD,US,STATE,3,CASES
1930,25,SOUTH DAKOTA,SD,US,STATE,8,CASES
1930,26,SOUTH DAKOTA,SD,US,STATE,2,CASES
1930,27,SOUTH DAKOTA,SD,US,STATE,4,CASES
1930,28,SOUTH DAKOTA,SD,US,STATE,13,CASES
1930,29,SOUTH DAKOTA,SD,US,STATE,4,CASES
1930,30,SOUTH DAKOTA,SD,US,STATE,1,CASES
1930,31,SOUTH DAKOTA,SD,US,STATE,1,CASES
1930,32,SOUTH DAKOTA,SD,US,STATE,7,CASES
1930,33,SOUTH DAKOTA,SD,US,STATE,7,CASES
1930,34,SOUTH DAKOTA,SD,US,STATE,4,CASES
1930,35,SOUTH DAKOTA,SD,US,STATE,4,CASES
1930,36,SOUTH DAKOTA,SD,US,STATE,6,CASES
1930,37,SOUTH DAKOTA,SD,US,STATE,25,CASES
1930,38,SOUTH DAKOTA,SD,US,STATE,6,CASES
1930,39,SOUTH DAKOTA,SD,US,STATE,8,CASES
1930,40,SOUTH DAKOTA,SD,US,STATE,5,CASES
1930,41,SOUTH DAKOTA,SD,US,STATE,13,CASES
1930,42,SOUTH DAKOTA,SD,US,STATE,11,CASES
1930,43,SOUTH DAKOTA,SD,US,STATE,7,CASES
1930,44,SOUTH DAKOTA,SD,US,STATE,5,CASES
1930,45,SOUTH DAKOTA,SD,US,STATE,8,CASES
1930,46,SOUTH DAKOTA,SD,US,STATE,6,CASES
1930,47,SOUTH DAKOTA,SD,US,STATE,6,CASES
1930,48,SOUTH DAKOTA,SD,US,STATE,6,CASES
1930,49,SOUTH DAKOTA,SD,US,STATE,10,CASES
1930,50,SOUTH DAKOTA,SD,US,STATE,5,CASES
1930,51,SOUTH DAKOTA,SD,US,STATE,13,CASES
1930,52,SOUTH DAKOTA,SD,US,STATE,13,CASES
1930,53,SOUTH DAKOTA,SD,US,STATE,5,CASES
1931,1,SOUTH DAKOTA,SD,US,STATE,8,CASES
1931,2,SOUTH DAKOTA,SD,US,STATE,15,CASES
1931,3,SOUTH DAKOTA,SD,US,STATE,26,CASES
1931,4,SOUTH DAKOTA,SD,US,STATE,31,CASES
1931,5,SOUTH DAKOTA,SD,US,STATE,5,CASES
1931,6,SOUTH DAKOTA,SD,US,STATE,3,CASES
1931,7,SOUTH DAKOTA,SD,US,STATE,10,CASES
1931,8,SOUTH DAKOTA,SD,US,STATE,4,CASES
1931,9,SOUTH DAKOTA,SD,US,STATE,8,CASES
1931,10,SOUTH DAKOTA,SD,US,STATE,8,CASES
1931,11,SOUTH DAKOTA,SD,US,STATE,11,CASES
1931,12,SOUTH DAKOTA,SD,US,STATE,10,CASES
1931,13,SOUTH DAKOTA,SD,US,STATE,5,CASES
1931,14,SOUTH DAKOTA,SD,US,STATE,5,CASES
1931,15,SOUTH DAKOTA,SD,US,STATE,11,CASES
1931,16,SOUTH DAKOTA,SD,US,STATE,4,CASES
1931,17,SOUTH DAKOTA,SD,US,STATE,3,CASES
1931,18,SOUTH DAKOTA,SD,US,STATE,16,CASES
1931,19,SOUTH DAKOTA,SD,US,STATE,7,CASES
1931,20,SOUTH DAKOTA,SD,US,STATE,5,CASES
1931,21,SOUTH DAKOTA,SD,US,STATE,11,CASES
1931,22,SOUTH DAKOTA,SD,US,STATE,2,CASES
1931,23,SOUTH DAKOTA,SD,US,STATE,3,CASES
1931,24,SOUTH DAKOTA,SD,US,STATE,4,CASES
1931,25,SOUTH DAKOTA,SD,US,STATE,5,CASES
1931,26,SOUTH DAKOTA,SD,US,STATE,8,CASES
1931,27,SOUTH DAKOTA,SD,US,STATE,1,CASES
1931,28,SOUTH DAKOTA,SD,US,STATE,5,CASES
1931,29,SOUTH DAKOTA,SD,US,STATE,2,CASES
1931,30,SOUTH DAKOTA,SD,US,STATE,1,CASES
1931,31,SOUTH DAKOTA,SD,US,STATE,3,CASES
1931,32,SOUTH DAKOTA,SD,US,STATE,2,CASES
1931,33,SOUTH DAKOTA,SD,US,STATE,6,CASES
1931,34,SOUTH DAKOTA,SD,US,STATE,4,CASES
1931,35,SOUTH DAKOTA,SD,US,STATE,3,CASES
1931,36,SOUTH DAKOTA,SD,US,STATE,1,CASES
1931,37,SOUTH DAKOTA,SD,US,STATE,1,CASES
1931,38,SOUTH DAKOTA,SD,US,STATE,1,CASES
1931,39,SOUTH DAKOTA,SD,US,STATE,13,CASES
1931,40,SOUTH DAKOTA,SD,US,STATE,17,CASES
1931,41,SOUTH DAKOTA,SD,US,STATE,5,CASES
1931,42,SOUTH DAKOTA,SD,US,STATE,4,CASES
1931,43,SOUTH DAKOTA,SD,US,STATE,4,CASES
1931,44,SOUTH DAKOTA,SD,US,STATE,4,CASES
1931,45,SOUTH DAKOTA,SD,US,STATE,8,CASES
1931,46,SOUTH DAKOTA,SD,US,STATE,16,CASES
1931,47,SOUTH DAKOTA,SD,US,STATE,4,CASES
1931,48,SOUTH DAKOTA,SD,US,STATE,16,CASES
1931,49,SOUTH DAKOTA,SD,US,STATE,8,CASES
1931,50,SOUTH DAKOTA,SD,US,STATE,2,CASES
1931,51,SOUTH DAKOTA,SD,US,STATE,5,CASES
1931,52,SOUTH DAKOTA,SD,US,STATE,6,CASES
1932,1,SOUTH DAKOTA,SD,US,STATE,5,CASES
1932,2,SOUTH DAKOTA,SD,US,STATE,12,CASES
1932,3,SOUTH DAKOTA,SD,US,STATE,6,CASES
1932,4,SOUTH DAKOTA,SD,US,STATE,10,CASES
1932,5,SOUTH DAKOTA,SD,US,STATE,5,CASES
1932,6,SOUTH DAKOTA,SD,US,STATE,3,CASES
1932,7,SOUTH DAKOTA,SD,US,STATE,2,CASES
1932,8,SOUTH DAKOTA,SD,US,STATE,6,CASES
1932,9,SOUTH DAKOTA,SD,US,STATE,4,CASES
1932,10,SOUTH DAKOTA,SD,US,STATE,4,CASES
1932,11,SOUTH DAKOTA,SD,US,STATE,5,CASES
1932,12,SOUTH DAKOTA,SD,US,STATE,2,CASES
1932,13,SOUTH DAKOTA,SD,US,STATE,6,CASES
1932,15,SOUTH DAKOTA,SD,US,STATE,1,CASES
1932,16,SOUTH DAKOTA,SD,US,STATE,3,CASES
1932,17,SOUTH DAKOTA,SD,US,STATE,2,CASES
1932,18,SOUTH DAKOTA,SD,US,STATE,5,CASES
1932,19,SOUTH DAKOTA,SD,US,STATE,1,CASES
1932,20,SOUTH DAKOTA,SD,US,STATE,2,CASES
1932,21,SOUTH DAKOTA,SD,US,STATE,4,CASES
1932,22,SOUTH DAKOTA,SD,US,STATE,4,CASES
1932,23,SOUTH DAKOTA,SD,US,STATE,13,CASES
1932,24,SOUTH DAKOTA,SD,US,STATE,2,CASES
1932,25,SOUTH DAKOTA,SD,US,STATE,5,CASES
1932,27,SOUTH DAKOTA,SD,US,STATE,4,CASES
1932,28,SOUTH DAKOTA,SD,US,STATE,3,CASES
1932,29,SOUTH DAKOTA,SD,US,STATE,1,CASES
1932,31,SOUTH DAKOTA,SD,US,STATE,3,CASES
1932,32,SOUTH DAKOTA,SD,US,STATE,2,CASES
1932,33,SOUTH DAKOTA,SD,US,STATE,5,CASES
1932,34,SOUTH DAKOTA,SD,US,STATE,3,CASES
1932,36,SOUTH DAKOTA,SD,US,STATE,1,CASES
1932,38,SOUTH DAKOTA,SD,US,STATE,2,CASES
1932,39,SOUTH DAKOTA,SD,US,STATE,1,CASES
1932,40,SOUTH DAKOTA,SD,US,STATE,2,CASES
1932,41,SOUTH DAKOTA,SD,US,STATE,3,CASES
1932,42,SOUTH DAKOTA,SD,US,STATE,7,CASES
1932,43,SOUTH DAKOTA,SD,US,STATE,1,CASES
1932,44,SOUTH DAKOTA,SD,US,STATE,2,CASES
1932,45,SOUTH DAKOTA,SD,US,STATE,1,CASES
1932,46,SOUTH DAKOTA,SD,US,STATE,1,CASES
1932,47,SOUTH DAKOTA,SD,US,STATE,11,CASES
1932,48,SOUTH DAKOTA,SD,US,STATE,10,CASES
1932,49,SOUTH DAKOTA,SD,US,STATE,18,CASES
1932,50,SOUTH DAKOTA,SD,US,STATE,20,CASES
1932,51,SOUTH DAKOTA,SD,US,STATE,3,CASES
1932,52,SOUTH DAKOTA,SD,US,STATE,3,CASES
1933,1,SOUTH DAKOTA,SD,US,STATE,6,CASES
1933,2,SOUTH DAKOTA,SD,US,STATE,12,CASES
1933,3,SOUTH DAKOTA,SD,US,STATE,1,CASES
1933,4,SOUTH DAKOTA,SD,US,STATE,5,CASES
1933,5,SOUTH DAKOTA,SD,US,STATE,1,CASES
1933,6,SOUTH DAKOTA,SD,US,STATE,3,CASES
1933,7,SOUTH DAKOTA,SD,US,STATE,9,CASES
1933,8,SOUTH DAKOTA,SD,US,STATE,3,CASES
1933,9,SOUTH DAKOTA,SD,US,STATE,4,CASES
1933,10,SOUTH DAKOTA,SD,US,STATE,5,CASES
1933,11,SOUTH DAKOTA,SD,US,STATE,12,CASES
1933,12,SOUTH DAKOTA,SD,US,STATE,4,CASES
1933,14,SOUTH DAKOTA,SD,US,STATE,2,CASES
1933,15,SOUTH DAKOTA,SD,US,STATE,3,CASES
1933,16,SOUTH DAKOTA,SD,US,STATE,3,CASES
1933,17,SOUTH DAKOTA,SD,US,STATE,1,CASES
1933,18,SOUTH DAKOTA,SD,US,STATE,2,CASES
1933,19,SOUTH DAKOTA,SD,US,STATE,3,CASES
1933,20,SOUTH DAKOTA,SD,US,STATE,1,CASES
1933,21,SOUTH DAKOTA,SD,US,STATE,2,CASES
1933,23,SOUTH DAKOTA,SD,US,STATE,1,CASES
1933,25,SOUTH DAKOTA,SD,US,STATE,4,CASES
1933,26,SOUTH DAKOTA,SD,US,STATE,2,CASES
1933,29,SOUTH DAKOTA,SD,US,STATE,1,CASES
1933,31,SOUTH DAKOTA,SD,US,STATE,3,CASES
1933,32,SOUTH DAKOTA,SD,US,STATE,3,CASES
1933,35,SOUTH DAKOTA,SD,US,STATE,2,CASES
1933,36,SOUTH DAKOTA,SD,US,STATE,2,CASES
1933,38,SOUTH DAKOTA,SD,US,STATE,4,CASES
1933,39,SOUTH DAKOTA,SD,US,STATE,2,CASES
1933,40,SOUTH DAKOTA,SD,US,STATE,3,CASES
1933,41,SOUTH DAKOTA,SD,US,STATE,2,CASES
1933,42,SOUTH DAKOTA,SD,US,STATE,2,CASES
1933,43,SOUTH DAKOTA,SD,US,STATE,5,CASES
1933,44,SOUTH DAKOTA,SD,US,STATE,4,CASES
1933,45,SOUTH DAKOTA,SD,US,STATE,8,CASES
1933,46,SOUTH DAKOTA,SD,US,STATE,5,CASES
1933,47,SOUTH DAKOTA,SD,US,STATE,1,CASES
1933,48,SOUTH DAKOTA,SD,US,STATE,5,CASES
1933,49,SOUTH DAKOTA,SD,US,STATE,38,CASES
1933,50,SOUTH DAKOTA,SD,US,STATE,22,CASES
1933,51,SOUTH DAKOTA,SD,US,STATE,2,CASES
1933,52,SOUTH DAKOTA,SD,US,STATE,7,CASES
1934,1,SOUTH DAKOTA,SD,US,STATE,2,CASES
1934,2,SOUTH DAKOTA,SD,US,STATE,5,CASES
1934,3,SOUTH DAKOTA,SD,US,STATE,2,CASES
1934,5,SOUTH DAKOTA,SD,US,STATE,1,CASES
1934,7,SOUTH DAKOTA,SD,US,STATE,1,CASES
1934,9,SOUTH DAKOTA,SD,US,STATE,2,CASES
1934,10,SOUTH DAKOTA,SD,US,STATE,3,CASES
1934,11,SOUTH DAKOTA,SD,US,STATE,2,CASES
1934,12,SOUTH DAKOTA,SD,US,STATE,5,CASES
1934,13,SOUTH DAKOTA,SD,US,STATE,3,CASES
1934,14,SOUTH DAKOTA,SD,US,STATE,4,CASES
1934,15,SOUTH DAKOTA,SD,US,STATE,12,CASES
1934,16,SOUTH DAKOTA,SD,US,STATE,3,CASES
1934,17,SOUTH DAKOTA,SD,US,STATE,2,CASES
1934,18,SOUTH DAKOTA,SD,US,STATE,3,CASES
1934,19,SOUTH DAKOTA,SD,US,STATE,3,CASES
1934,20,SOUTH DAKOTA,SD,US,STATE,3,CASES
1934,21,SOUTH DAKOTA,SD,US,STATE,5,CASES
1934,23,SOUTH DAKOTA,SD,US,STATE,2,CASES
1934,24,SOUTH DAKOTA,SD,US,STATE,3,CASES
1934,26,SOUTH DAKOTA,SD,US,STATE,1,CASES
1934,27,SOUTH DAKOTA,SD,US,STATE,2,CASES
1934,28,SOUTH DAKOTA,SD,US,STATE,1,CASES
1934,29,SOUTH DAKOTA,SD,US,STATE,1,CASES
1934,32,SOUTH DAKOTA,SD,US,STATE,2,CASES
1934,33,SOUTH DAKOTA,SD,US,STATE,4,CASES
1934,34,SOUTH DAKOTA,SD,US,STATE,1,CASES
1934,35,SOUTH DAKOTA,SD,US,STATE,3,CASES
1934,36,SOUTH DAKOTA,SD,US,STATE,4,CASES
1934,37,SOUTH DAKOTA,SD,US,STATE,2,CASES
1934,39,SOUTH DAKOTA,SD,US,STATE,2,CASES
1934,40,SOUTH DAKOTA,SD,US,STATE,4,CASES
1934,42,SOUTH DAKOTA,SD,US,STATE,3,CASES
1934,44,SOUTH DAKOTA,SD,US,STATE,1,CASES
1934,45,SOUTH DAKOTA,SD,US,STATE,1,CASES
1934,46,SOUTH DAKOTA,SD,US,STATE,4,CASES
1934,47,SOUTH DAKOTA,SD,US,STATE,4,CASES
1934,48,SOUTH DAKOTA,SD,US,STATE,1,CASES
1934,49,SOUTH DAKOTA,SD,US,STATE,1,CASES
1934,51,SOUTH DAKOTA,SD,US,STATE,4,CASES
1935,2,SOUTH DAKOTA,SD,US,STATE,3,CASES
1935,3,SOUTH DAKOTA,SD,US,STATE,3,CASES
1935,4,SOUTH DAKOTA,SD,US,STATE,3,CASES
1935,5,SOUTH DAKOTA,SD,US,STATE,2,CASES
1935,6,SOUTH DAKOTA,SD,US,STATE,2,CASES
1935,9,SOUTH DAKOTA,SD,US,STATE,2,CASES
1935,10,SOUTH DAKOTA,SD,US,STATE,1,CASES
1935,11,SOUTH DAKOTA,SD,US,STATE,8,CASES
1935,12,SOUTH DAKOTA,SD,US,STATE,6,CASES
1935,13,SOUTH DAKOTA,SD,US,STATE,2,CASES
1935,14,SOUTH DAKOTA,SD,US,STATE,2,CASES
1935,15,SOUTH DAKOTA,SD,US,STATE,5,CASES
1935,16,SOUTH DAKOTA,SD,US,STATE,6,CASES
1935,18,SOUTH DAKOTA,SD,US,STATE,4,CASES
1935,21,SOUTH DAKOTA,SD,US,STATE,2,CASES
1935,22,SOUTH DAKOTA,SD,US,STATE,4,CASES
1935,23,SOUTH DAKOTA,SD,US,STATE,2,CASES
1935,24,SOUTH DAKOTA,SD,US,STATE,2,CASES
1935,25,SOUTH DAKOTA,SD,US,STATE,1,CASES
1935,27,SOUTH DAKOTA,SD,US,STATE,3,CASES
1935,28,SOUTH DAKOTA,SD,US,STATE,6,CASES
1935,29,SOUTH DAKOTA,SD,US,STATE,2,CASES
1935,31,SOUTH DAKOTA,SD,US,STATE,1,CASES
1935,32,SOUTH DAKOTA,SD,US,STATE,1,CASES
1935,33,SOUTH DAKOTA,SD,US,STATE,7,CASES
1935,34,SOUTH DAKOTA,SD,US,STATE,3,CASES
1935,35,SOUTH DAKOTA,SD,US,STATE,1,CASES
1935,36,SOUTH DAKOTA,SD,US,STATE,1,CASES
1935,38,SOUTH DAKOTA,SD,US,STATE,1,CASES
1935,40,SOUTH DAKOTA,SD,US,STATE,4,CASES
1935,41,SOUTH DAKOTA,SD,US,STATE,1,CASES
1935,42,SOUTH DAKOTA,SD,US,STATE,11,CASES
1935,43,SOUTH DAKOTA,SD,US,STATE,4,CASES
1935,44,SOUTH DAKOTA,SD,US,STATE,7,CASES
1935,45,SOUTH DAKOTA,SD,US,STATE,1,CASES
1935,46,SOUTH DAKOTA,SD,US,STATE,5,CASES
1935,47,SOUTH DAKOTA,SD,US,STATE,2,CASES
1935,49,SOUTH DAKOTA,SD,US,STATE,2,CASES
1935,50,SOUTH DAKOTA,SD,US,STATE,4,CASES
1935,51,SOUTH DAKOTA,SD,US,STATE,9,CASES
1935,52,SOUTH DAKOTA,SD,US,STATE,2,CASES
1936,2,SOUTH DAKOTA,SD,US,STATE,1,CASES
1936,3,SOUTH DAKOTA,SD,US,STATE,1,CASES
1936,4,SOUTH DAKOTA,SD,US,STATE,9,CASES
1936,5,SOUTH DAKOTA,SD,US,STATE,3,CASES
1936,6,SOUTH DAKOTA,SD,US,STATE,5,CASES
1936,7,SOUTH DAKOTA,SD,US,STATE,1,CASES
1936,8,SOUTH DAKOTA,SD,US,STATE,2,CASES
1936,9,SOUTH DAKOTA,SD,US,STATE,3,CASES
1936,10,SOUTH DAKOTA,SD,US,STATE,3,CASES
1936,11,SOUTH DAKOTA,SD,US,STATE,4,CASES
1936,14,SOUTH DAKOTA,SD,US,STATE,2,CASES
1936,15,SOUTH DAKOTA,SD,US,STATE,2,CASES
1936,18,SOUTH DAKOTA,SD,US,STATE,4,CASES
1936,20,SOUTH DAKOTA,SD,US,STATE,1,CASES
1936,21,SOUTH DAKOTA,SD,US,STATE,1,CASES
1936,22,SOUTH DAKOTA,SD,US,STATE,3,CASES
1936,23,SOUTH DAKOTA,SD,US,STATE,4,CASES
1936,25,SOUTH DAKOTA,SD,US,STATE,3,CASES
1936,27,SOUTH DAKOTA,SD,US,STATE,2,CASES
1936,28,SOUTH DAKOTA,SD,US,STATE,2,CASES
1936,30,SOUTH DAKOTA,SD,US,STATE,1,CASES
1936,31,SOUTH DAKOTA,SD,US,STATE,1,CASES
1936,32,SOUTH DAKOTA,SD,US,STATE,1,CASES
1936,33,SOUTH DAKOTA,SD,US,STATE,1,CASES
1936,39,SOUTH DAKOTA,SD,US,STATE,1,CASES
1936,40,SOUTH DAKOTA,SD,US,STATE,1,CASES
1936,42,SOUTH DAKOTA,SD,US,STATE,1,CASES
1936,47,SOUTH DAKOTA,SD,US,STATE,1,CASES
1936,48,SOUTH DAKOTA,SD,US,STATE,1,CASES
1937,4,SOUTH DAKOTA,SD,US,STATE,2,CASES
1937,7,SOUTH DAKOTA,SD,US,STATE,1,CASES
1937,8,SOUTH DAKOTA,SD,US,STATE,1,CASES
1937,10,SOUTH DAKOTA,SD,US,STATE,2,CASES
1937,15,SOUTH DAKOTA,SD,US,STATE,1,CASES
1937,17,SOUTH DAKOTA,SD,US,STATE,1,CASES
1937,18,SOUTH DAKOTA,SD,US,STATE,1,CASES
1937,19,SOUTH DAKOTA,SD,US,STATE,1,CASES
1937,21,SOUTH DAKOTA,SD,US,STATE,1,CASES
1937,23,SOUTH DAKOTA,SD,US,STATE,1,CASES
1937,24,SOUTH DAKOTA,SD,US,STATE,1,CASES
1937,25,SOUTH DAKOTA,SD,US,STATE,1,CASES
1937,26,SOUTH DAKOTA,SD,US,STATE,3,CASES
1937,30,SOUTH DAKOTA,SD,US,STATE,1,CASES
1937,33,SOUTH DAKOTA,SD,US,STATE,1,CASES
1937,37,SOUTH DAKOTA,SD,US,STATE,1,CASES
1937,38,SOUTH DAKOTA,SD,US,STATE,1,CASES
1937,43,SOUTH DAKOTA,SD,US,STATE,2,CASES
1937,44,SOUTH DAKOTA,SD,US,STATE,3,CASES
1937,45,SOUTH DAKOTA,SD,US,STATE,6,CASES
1937,46,SOUTH DAKOTA,SD,US,STATE,2,CASES
1937,47,SOUTH DAKOTA,SD,US,STATE,1,CASES
1937,52,SOUTH DAKOTA,SD,US,STATE,1,CASES
1938,1,SOUTH DAKOTA,SD,US,STATE,12,CASES
1938,2,SOUTH DAKOTA,SD,US,STATE,1,CASES
1938,4,SOUTH DAKOTA,SD,US,STATE,3,CASES
1938,5,SOUTH DAKOTA,SD,US,STATE,3,CASES
1938,8,SOUTH DAKOTA,SD,US,STATE,0,CASES
1938,10,SOUTH DAKOTA,SD,US,STATE,0,CASES
1938,11,SOUTH DAKOTA,SD,US,STATE,0,CASES
1938,12,SOUTH DAKOTA,SD,US,STATE,0,CASES
1938,13,SOUTH DAKOTA,SD,US,STATE,0,CASES
1938,14,SOUTH DAKOTA,SD,US,STATE,0,CASES
1938,15,SOUTH DAKOTA,SD,US,STATE,1,CASES
1938,16,SOUTH DAKOTA,SD,US,STATE,1,CASES
1938,17,SOUTH DAKOTA,SD,US,STATE,0,CASES
1938,18,SOUTH DAKOTA,SD,US,STATE,1,CASES
1938,19,SOUTH DAKOTA,SD,US,STATE,2,CASES
1938,20,SOUTH DAKOTA,SD,US,STATE,0,CASES
1938,21,SOUTH DAKOTA,SD,US,STATE,0,CASES
1938,22,SOUTH DAKOTA,SD,US,STATE,1,CASES
1938,23,SOUTH DAKOTA,SD,US,STATE,0,CASES
1938,24,SOUTH DAKOTA,SD,US,STATE,0,CASES
1938,25,SOUTH DAKOTA,SD,US,STATE,0,CASES
1938,26,SOUTH DAKOTA,SD,US,STATE,8,CASES
1938,27,SOUTH DAKOTA,SD,US,STATE,8,CASES
1938,28,SOUTH DAKOTA,SD,US,STATE,15,CASES
1938,29,SOUTH DAKOTA,SD,US,STATE,15,CASES
1938,30,SOUTH DAKOTA,SD,US,STATE,8,CASES
1938,32,SOUTH DAKOTA,SD,US,STATE,15,CASES
1938,33,SOUTH DAKOTA,SD,US,STATE,0,CASES
1938,34,SOUTH DAKOTA,SD,US,STATE,0,CASES
1938,35,SOUTH DAKOTA,SD,US,STATE,8,CASES
1938,36,SOUTH DAKOTA,SD,US,STATE,15,CASES
1938,37,SOUTH DAKOTA,SD,US,STATE,8,CASES
1938,38,SOUTH DAKOTA,SD,US,STATE,8,CASES
1938,39,SOUTH DAKOTA,SD,US,STATE,1,CASES
1938,40,SOUTH DAKOTA,SD,US,STATE,30,CASES
1938,41,SOUTH DAKOTA,SD,US,STATE,2,CASES
1938,43,SOUTH DAKOTA,SD,US,STATE,2,CASES
1938,44,SOUTH DAKOTA,SD,US,STATE,23,CASES
1938,45,SOUTH DAKOTA,SD,US,STATE,0,CASES
1938,46,SOUTH DAKOTA,SD,US,STATE,23,CASES
1938,47,SOUTH DAKOTA,SD,US,STATE,60,CASES
1938,48,SOUTH DAKOTA,SD,US,STATE,53,CASES
1938,49,SOUTH DAKOTA,SD,US,STATE,53,CASES
1938,50,SOUTH DAKOTA,SD,US,STATE,23,CASES
1938,51,SOUTH DAKOTA,SD,US,STATE,68,CASES
1938,52,SOUTH DAKOTA,SD,US,STATE,2,CASES
1939,1,SOUTH DAKOTA,SD,US,STATE,53,CASES
1939,2,SOUTH DAKOTA,SD,US,STATE,75,CASES
1939,3,SOUTH DAKOTA,SD,US,STATE,45,CASES
1939,4,SOUTH DAKOTA,SD,US,STATE,38,CASES
1939,5,SOUTH DAKOTA,SD,US,STATE,5,CASES
1939,6,SOUTH DAKOTA,SD,US,STATE,5,CASES
1939,7,SOUTH DAKOTA,SD,US,STATE,2,CASES
1939,8,SOUTH DAKOTA,SD,US,STATE,4,CASES
1939,9,SOUTH DAKOTA,SD,US,STATE,4,CASES
1939,10,SOUTH DAKOTA,SD,US,STATE,1,CASES
1939,11,SOUTH DAKOTA,SD,US,STATE,0,CASES
1939,12,SOUTH DAKOTA,SD,US,STATE,0,CASES
1939,13,SOUTH DAKOTA,SD,US,STATE,1,CASES
1939,14,SOUTH DAKOTA,SD,US,STATE,0,CASES
1939,15,SOUTH DAKOTA,SD,US,STATE,10,CASES
1939,16,SOUTH DAKOTA,SD,US,STATE,1,CASES
1939,17,SOUTH DAKOTA,SD,US,STATE,1,CASES
1939,18,SOUTH DAKOTA,SD,US,STATE,0,CASES
1939,19,SOUTH DAKOTA,SD,US,STATE,0,CASES
1939,20,SOUTH DAKOTA,SD,US,STATE,8,CASES
1939,21,SOUTH DAKOTA,SD,US,STATE,2,CASES
1939,22,SOUTH DAKOTA,SD,US,STATE,0,CASES
1939,23,SOUTH DAKOTA,SD,US,STATE,0,CASES
1939,25,SOUTH DAKOTA,SD,US,STATE,0,CASES
1939,26,SOUTH DAKOTA,SD,US,STATE,0,CASES
1939,27,SOUTH DAKOTA,SD,US,STATE,1,CASES
1939,28,SOUTH DAKOTA,SD,US,STATE,1,CASES
1939,29,SOUTH DAKOTA,SD,US,STATE,0,CASES
1939,30,SOUTH DAKOTA,SD,US,STATE,4,CASES
1939,31,SOUTH DAKOTA,SD,US,STATE,1,CASES
1939,32,SOUTH DAKOTA,SD,US,STATE,8,CASES
1939,33,SOUTH DAKOTA,SD,US,STATE,0,CASES
1939,34,SOUTH DAKOTA,SD,US,STATE,4,CASES
1939,35,SOUTH DAKOTA,SD,US,STATE,0,CASES
1939,36,SOUTH DAKOTA,SD,US,STATE,0,CASES
1939,37,SOUTH DAKOTA,SD,US,STATE,5,CASES
1939,38,SOUTH DAKOTA,SD,US,STATE,30,CASES
1939,39,SOUTH DAKOTA,SD,US,STATE,8,CASES
1939,40,SOUTH DAKOTA,SD,US,STATE,0,CASES
1939,41,SOUTH DAKOTA,SD,US,STATE,15,CASES
1939,42,SOUTH DAKOTA,SD,US,STATE,1,CASES
1939,43,SOUTH DAKOTA,SD,US,STATE,38,CASES
1939,44,SOUTH DAKOTA,SD,US,STATE,0,CASES
1939,45,SOUTH DAKOTA,SD,US,STATE,2,CASES
1939,46,SOUTH DAKOTA,SD,US,STATE,8,CASES
1939,47,SOUTH DAKOTA,SD,US,STATE,6,CASES
1939,48,SOUTH DAKOTA,SD,US,STATE,8,CASES
1939,49,SOUTH DAKOTA,SD,US,STATE,30,CASES
1939,50,SOUTH DAKOTA,SD,US,STATE,38,CASES
1939,51,SOUTH DAKOTA,SD,US,STATE,4,CASES
1939,52,SOUTH DAKOTA,SD,US,STATE,15,CASES
1940,1,SOUTH DAKOTA,SD,US,STATE,0,CASES
1940,2,SOUTH DAKOTA,SD,US,STATE,5,CASES
1940,3,SOUTH DAKOTA,SD,US,STATE,0,CASES
1940,4,SOUTH DAKOTA,SD,US,STATE,0,CASES
1940,5,SOUTH DAKOTA,SD,US,STATE,0,CASES
1940,6,SOUTH DAKOTA,SD,US,STATE,1,CASES
1940,7,SOUTH DAKOTA,SD,US,STATE,0,CASES
1940,8,SOUTH DAKOTA,SD,US,STATE,0,CASES
1940,9,SOUTH DAKOTA,SD,US,STATE,1,CASES
1940,10,SOUTH DAKOTA,SD,US,STATE,1,CASES
1940,11,SOUTH DAKOTA,SD,US,STATE,1,CASES
1940,12,SOUTH DAKOTA,SD,US,STATE,1,CASES
1940,13,SOUTH DAKOTA,SD,US,STATE,2,CASES
1940,14,SOUTH DAKOTA,SD,US,STATE,0,CASES
1940,15,SOUTH DAKOTA,SD,US,STATE,3,CASES
1940,16,SOUTH DAKOTA,SD,US,STATE,0,CASES
1940,17,SOUTH DAKOTA,SD,US,STATE,0,CASES
1940,18,SOUTH DAKOTA,SD,US,STATE,1,CASES
1940,19,SOUTH DAKOTA,SD,US,STATE,1,CASES
1940,20,SOUTH DAKOTA,SD,US,STATE,3,CASES
1940,21,SOUTH DAKOTA,SD,US,STATE,0,CASES
1940,22,SOUTH DAKOTA,SD,US,STATE,0,CASES
1940,23,SOUTH DAKOTA,SD,US,STATE,3,CASES
1940,24,SOUTH DAKOTA,SD,US,STATE,0,CASES
1940,25,SOUTH DAKOTA,SD,US,STATE,0,CASES
1940,26,SOUTH DAKOTA,SD,US,STATE,0,CASES
1940,27,SOUTH DAKOTA,SD,US,STATE,4,CASES
1940,28,SOUTH DAKOTA,SD,US,STATE,0,CASES
1940,29,SOUTH DAKOTA,SD,US,STATE,1,CASES
1940,30,SOUTH DAKOTA,SD,US,STATE,0,CASES
1940,31,SOUTH DAKOTA,SD,US,STATE,4,CASES
1940,32,SOUTH DAKOTA,SD,US,STATE,0,CASES
1940,33,SOUTH DAKOTA,SD,US,STATE,1,CASES
1940,34,SOUTH DAKOTA,SD,US,STATE,0,CASES
1940,35,SOUTH DAKOTA,SD,US,STATE,0,CASES
1940,36,SOUTH DAKOTA,SD,US,STATE,1,CASES
1940,37,SOUTH DAKOTA,SD,US,STATE,1,CASES
1940,38,SOUTH DAKOTA,SD,US,STATE,1,CASES
1940,39,SOUTH DAKOTA,SD,US,STATE,1,CASES
1940,40,SOUTH DAKOTA,SD,US,STATE,4,CASES
1940,41,SOUTH DAKOTA,SD,US,STATE,2,CASES
1940,42,SOUTH DAKOTA,SD,US,STATE,0,CASES
1940,43,SOUTH DAKOTA,SD,US,STATE,1,CASES
1940,44,SOUTH DAKOTA,SD,US,STATE,1,CASES
1940,45,SOUTH DAKOTA,SD,US,STATE,3,CASES
1940,46,SOUTH DAKOTA,SD,US,STATE,1,CASES
1940,47,SOUTH DAKOTA,SD,US,STATE,0,CASES
1940,48,SOUTH DAKOTA,SD,US,STATE,3,CASES
1940,49,SOUTH DAKOTA,SD,US,STATE,1,CASES
1940,50,SOUTH DAKOTA,SD,US,STATE,0,CASES
1940,51,SOUTH DAKOTA,SD,US,STATE,4,CASES
1940,52,SOUTH DAKOTA,SD,US,STATE,2,CASES
1941,1,SOUTH DAKOTA,SD,US,STATE,3,CASES
1941,2,SOUTH DAKOTA,SD,US,STATE,2,CASES
1941,3,SOUTH DAKOTA,SD,US,STATE,2,CASES
1941,4,SOUTH DAKOTA,SD,US,STATE,9,CASES
1941,5,SOUTH DAKOTA,SD,US,STATE,0,CASES
1941,6,SOUTH DAKOTA,SD,US,STATE,1,CASES
1941,7,SOUTH DAKOTA,SD,US,STATE,0,CASES
1941,9,SOUTH DAKOTA,SD,US,STATE,1,CASES
1941,10,SOUTH DAKOTA,SD,US,STATE,0,CASES
1941,11,SOUTH DAKOTA,SD,US,STATE,0,CASES
1941,12,SOUTH DAKOTA,SD,US,STATE,0,CASES
1941,13,SOUTH DAKOTA,SD,US,STATE,0,CASES
1941,14,SOUTH DAKOTA,SD,US,STATE,1,CASES
1941,15,SOUTH DAKOTA,SD,US,STATE,0,CASES
1941,16,SOUTH DAKOTA,SD,US,STATE,0,CASES
1941,17,SOUTH DAKOTA,SD,US,STATE,0,CASES
1941,18,SOUTH DAKOTA,SD,US,STATE,0,CASES
1941,19,SOUTH DAKOTA,SD,US,STATE,1,CASES
1941,20,SOUTH DAKOTA,SD,US,STATE,0,CASES
1941,21,SOUTH DAKOTA,SD,US,STATE,1,CASES
1941,22,SOUTH DAKOTA,SD,US,STATE,0,CASES
1941,23,SOUTH DAKOTA,SD,US,STATE,1,CASES
1941,24,SOUTH DAKOTA,SD,US,STATE,0,CASES
1941,25,SOUTH DAKOTA,SD,US,STATE,1,CASES
1941,26,SOUTH DAKOTA,SD,US,STATE,3,CASES
1941,27,SOUTH DAKOTA,SD,US,STATE,10,CASES
1941,28,SOUTH DAKOTA,SD,US,STATE,0,CASES
1941,29,SOUTH DAKOTA,SD,US,STATE,5,CASES
1941,30,SOUTH DAKOTA,SD,US,STATE,1,CASES
1941,31,SOUTH DAKOTA,SD,US,STATE,4,CASES
1941,32,SOUTH DAKOTA,SD,US,STATE,5,CASES
1941,33,SOUTH DAKOTA,SD,US,STATE,1,CASES
1941,34,SOUTH DAKOTA,SD,US,STATE,7,CASES
1941,35,SOUTH DAKOTA,SD,US,STATE,9,CASES
1941,36,SOUTH DAKOTA,SD,US,STATE,9,CASES
1941,37,SOUTH DAKOTA,SD,US,STATE,3,CASES
1941,38,SOUTH DAKOTA,SD,US,STATE,10,CASES
1941,39,SOUTH DAKOTA,SD,US,STATE,13,CASES
1941,40,SOUTH DAKOTA,SD,US,STATE,7,CASES
1941,41,SOUTH DAKOTA,SD,US,STATE,12,CASES
1941,42,SOUTH DAKOTA,SD,US,STATE,8,CASES
1941,43,SOUTH DAKOTA,SD,US,STATE,3,CASES
1941,44,SOUTH DAKOTA,SD,US,STATE,3,CASES
1941,45,SOUTH DAKOTA,SD,US,STATE,5,CASES
1941,46,SOUTH DAKOTA,SD,US,STATE,0,CASES
1941,47,SOUTH DAKOTA,SD,US,STATE,1,CASES
1941,48,SOUTH DAKOTA,SD,US,STATE,6,CASES
1941,49,SOUTH DAKOTA,SD,US,STATE,8,CASES
1941,50,SOUTH DAKOTA,SD,US,STATE,2,CASES
1941,51,SOUTH DAKOTA,SD,US,STATE,4,CASES
1941,52,SOUTH DAKOTA,SD,US,STATE,3,CASES
1941,53,SOUTH DAKOTA,SD,US,STATE,2,CASES
1942,1,SOUTH DAKOTA,SD,US,STATE,2,CASES
1942,2,SOUTH DAKOTA,SD,US,STATE,2,CASES
1942,3,SOUTH DAKOTA,SD,US,STATE,6,CASES
1942,4,SOUTH DAKOTA,SD,US,STATE,0,CASES
1942,5,SOUTH DAKOTA,SD,US,STATE,2,CASES
1942,6,SOUTH DAKOTA,SD,US,STATE,4,CASES
1942,7,SOUTH DAKOTA,SD,US,STATE,0,CASES
1942,8,SOUTH DAKOTA,SD,US,STATE,1,CASES
1942,9,SOUTH DAKOTA,SD,US,STATE,2,CASES
1942,10,SOUTH DAKOTA,SD,US,STATE,4,CASES
1942,11,SOUTH DAKOTA,SD,US,STATE,3,CASES
1942,12,SOUTH DAKOTA,SD,US,STATE,7,CASES
1942,13,SOUTH DAKOTA,SD,US,STATE,0,CASES
1942,14,SOUTH DAKOTA,SD,US,STATE,4,CASES
1942,15,SOUTH DAKOTA,SD,US,STATE,2,CASES
1942,16,SOUTH DAKOTA,SD,US,STATE,5,CASES
1942,17,SOUTH DAKOTA,SD,US,STATE,0,CASES
1942,18,SOUTH DAKOTA,SD,US,STATE,0,CASES
1942,19,SOUTH DAKOTA,SD,US,STATE,4,CASES
1942,20,SOUTH DAKOTA,SD,US,STATE,1,CASES
1942,21,SOUTH DAKOTA,SD,US,STATE,1,CASES
1942,22,SOUTH DAKOTA,SD,US,STATE,1,CASES
1942,23,SOUTH DAKOTA,SD,US,STATE,1,CASES
1942,24,SOUTH DAKOTA,SD,US,STATE,0,CASES
1942,25,SOUTH DAKOTA,SD,US,STATE,0,CASES
1942,26,SOUTH DAKOTA,SD,US,STATE,0,CASES
1942,27,SOUTH DAKOTA,SD,US,STATE,2,CASES
1942,28,SOUTH DAKOTA,SD,US,STATE,1,CASES
1942,29,SOUTH DAKOTA,SD,US,STATE,1,CASES
1942,30,SOUTH DAKOTA,SD,US,STATE,1,CASES
1942,31,SOUTH DAKOTA,SD,US,STATE,0,CASES
1942,32,SOUTH DAKOTA,SD,US,STATE,1,CASES
1942,33,SOUTH DAKOTA,SD,US,STATE,0,CASES
1942,34,SOUTH DAKOTA,SD,US,STATE,4,CASES
1942,35,SOUTH DAKOTA,SD,US,STATE,3,CASES
1942,36,SOUTH DAKOTA,SD,US,STATE,4,CASES
1942,37,SOUTH DAKOTA,SD,US,STATE,1,CASES
1942,38,SOUTH DAKOTA,SD,US,STATE,4,CASES
1942,39,SOUTH DAKOTA,SD,US,STATE,0,CASES
1942,40,SOUTH DAKOTA,SD,US,STATE,3,CASES
1942,41,SOUTH DAKOTA,SD,US,STATE,17,CASES
1942,42,SOUTH DAKOTA,SD,US,STATE,7,CASES
1942,43,SOUTH DAKOTA,SD,US,STATE,1,CASES
1942,44,SOUTH DAKOTA,SD,US,STATE,9,CASES
1942,45,SOUTH DAKOTA,SD,US,STATE,1,CASES
1942,46,SOUTH DAKOTA,SD,US,STATE,3,CASES
1942,47,SOUTH DAKOTA,SD,US,STATE,11,CASES
1942,48,SOUTH DAKOTA,SD,US,STATE,12,CASES
1942,49,SOUTH DAKOTA,SD,US,STATE,0,CASES
1942,50,SOUTH DAKOTA,SD,US,STATE,1,CASES
1942,51,SOUTH DAKOTA,SD,US,STATE,0,CASES
1942,52,SOUTH DAKOTA,SD,US,STATE,1,CASES
1943,1,SOUTH DAKOTA,SD,US,STATE,21,CASES
1943,2,SOUTH DAKOTA,SD,US,STATE,1,CASES
1943,3,SOUTH DAKOTA,SD,US,STATE,0,CASES
1943,4,SOUTH DAKOTA,SD,US,STATE,6,CASES
1943,5,SOUTH DAKOTA,SD,US,STATE,0,CASES
1943,6,SOUTH DAKOTA,SD,US,STATE,5,CASES
1943,7,SOUTH DAKOTA,SD,US,STATE,12,CASES
1943,8,SOUTH DAKOTA,SD,US,STATE,4,CASES
1943,9,SOUTH DAKOTA,SD,US,STATE,5,CASES
1943,10,SOUTH DAKOTA,SD,US,STATE,3,CASES
1943,11,SOUTH DAKOTA,SD,US,STATE,0,CASES
1943,12,SOUTH DAKOTA,SD,US,STATE,2,CASES
1943,13,SOUTH DAKOTA,SD,US,STATE,10,CASES
1943,14,SOUTH DAKOTA,SD,US,STATE,1,CASES
1943,15,SOUTH DAKOTA,SD,US,STATE,1,CASES
1943,16,SOUTH DAKOTA,SD,US,STATE,0,CASES
1943,17,SOUTH DAKOTA,SD,US,STATE,0,CASES
1943,18,SOUTH DAKOTA,SD,US,STATE,0,CASES
1943,19,SOUTH DAKOTA,SD,US,STATE,0,CASES
1943,20,SOUTH DAKOTA,SD,US,STATE,0,CASES
1943,21,SOUTH DAKOTA,SD,US,STATE,0,CASES
1943,22,SOUTH DAKOTA,SD,US,STATE,0,CASES
1943,23,SOUTH DAKOTA,SD,US,STATE,0,CASES
1943,24,SOUTH DAKOTA,SD,US,STATE,0,CASES
1943,25,SOUTH DAKOTA,SD,US,STATE,0,CASES
1943,26,SOUTH DAKOTA,SD,US,STATE,1,CASES
1943,27,SOUTH DAKOTA,SD,US,STATE,1,CASES
1943,28,SOUTH DAKOTA,SD,US,STATE,2,CASES
1943,29,SOUTH DAKOTA,SD,US,STATE,0,CASES
1943,30,SOUTH DAKOTA,SD,US,STATE,0,CASES
1943,31,SOUTH DAKOTA,SD,US,STATE,1,CASES
1943,32,SOUTH DAKOTA,SD,US,STATE,2,CASES
1943,33,SOUTH DAKOTA,SD,US,STATE,0,CASES
1943,34,SOUTH DAKOTA,SD,US,STATE,2,CASES
1943,35,SOUTH DAKOTA,SD,US,STATE,2,CASES
1943,36,SOUTH DAKOTA,SD,US,STATE,1,CASES
1943,37,SOUTH DAKOTA,SD,US,STATE,2,CASES
1943,38,SOUTH DAKOTA,SD,US,STATE,1,CASES
1943,39,SOUTH DAKOTA,SD,US,STATE,6,CASES
1943,40,SOUTH DAKOTA,SD,US,STATE,3,CASES
1943,41,SOUTH DAKOTA,SD,US,STATE,2,CASES
1943,42,SOUTH DAKOTA,SD,US,STATE,9,CASES
1943,43,SOUTH DAKOTA,SD,US,STATE,4,CASES
1943,44,SOUTH DAKOTA,SD,US,STATE,7,CASES
1943,45,SOUTH DAKOTA,SD,US,STATE,3,CASES
1943,46,SOUTH DAKOTA,SD,US,STATE,4,CASES
1943,47,SOUTH DAKOTA,SD,US,STATE,2,CASES
1943,48,SOUTH DAKOTA,SD,US,STATE,2,CASES
1943,49,SOUTH DAKOTA,SD,US,STATE,1,CASES
1943,50,SOUTH DAKOTA,SD,US,STATE,2,CASES
1943,51,SOUTH DAKOTA,SD,US,STATE,3,CASES
1943,52,SOUTH DAKOTA,SD,US,STATE,6,CASES
1944,1,SOUTH DAKOTA,SD,US,STATE,4,CASES
1944,2,SOUTH DAKOTA,SD,US,STATE,2,CASES
1944,3,SOUTH DAKOTA,SD,US,STATE,2,CASES
1944,4,SOUTH DAKOTA,SD,US,STATE,0,CASES
1944,5,SOUTH DAKOTA,SD,US,STATE,1,CASES
1944,6,SOUTH DAKOTA,SD,US,STATE,0,CASES
1944,7,SOUTH DAKOTA,SD,US,STATE,0,CASES
1944,8,SOUTH DAKOTA,SD,US,STATE,4,CASES
1944,9,SOUTH DAKOTA,SD,US,STATE,1,CASES
1944,10,SOUTH DAKOTA,SD,US,STATE,4,CASES
1944,11,SOUTH DAKOTA,SD,US,STATE,2,CASES
1944,12,SOUTH DAKOTA,SD,US,STATE,2,CASES
1944,13,SOUTH DAKOTA,SD,US,STATE,3,CASES
1944,14,SOUTH DAKOTA,SD,US,STATE,0,CASES
1944,15,SOUTH DAKOTA,SD,US,STATE,2,CASES
1944,16,SOUTH DAKOTA,SD,US,STATE,1,CASES
1944,17,SOUTH DAKOTA,SD,US,STATE,1,CASES
1944,18,SOUTH DAKOTA,SD,US,STATE,0,CASES
1944,19,SOUTH DAKOTA,SD,US,STATE,0,CASES
1944,20,SOUTH DAKOTA,SD,US,STATE,2,CASES
1944,21,SOUTH DAKOTA,SD,US,STATE,0,CASES
1944,22,SOUTH DAKOTA,SD,US,STATE,1,CASES
1944,23,SOUTH DAKOTA,SD,US,STATE,3,CASES
1944,24,SOUTH DAKOTA,SD,US,STATE,0,CASES
1944,25,SOUTH DAKOTA,SD,US,STATE,3,CASES
1944,26,SOUTH DAKOTA,SD,US,STATE,0,CASES
1944,27,SOUTH DAKOTA,SD,US,STATE,2,CASES
1944,28,SOUTH DAKOTA,SD,US,STATE,0,CASES
1944,29,SOUTH DAKOTA,SD,US,STATE,0,CASES
1944,30,SOUTH DAKOTA,SD,US,STATE,2,CASES
1944,31,SOUTH DAKOTA,SD,US,STATE,1,CASES
1944,32,SOUTH DAKOTA,SD,US,STATE,0,CASES
1944,33,SOUTH DAKOTA,SD,US,STATE,0,CASES
1944,34,SOUTH DAKOTA,SD,US,STATE,0,CASES
1944,35,SOUTH DAKOTA,SD,US,STATE,2,CASES
1944,36,SOUTH DAKOTA,SD,US,STATE,3,CASES
1944,37,SOUTH DAKOTA,SD,US,STATE,6,CASES
1944,38,SOUTH DAKOTA,SD,US,STATE,7,CASES
1944,39,SOUTH DAKOTA,SD,US,STATE,4,CASES
1944,40,SOUTH DAKOTA,SD,US,STATE,2,CASES
1944,41,SOUTH DAKOTA,SD,US,STATE,4,CASES
1944,42,SOUTH DAKOTA,SD,US,STATE,1,CASES
1944,43,SOUTH DAKOTA,SD,US,STATE,0,CASES
1944,44,SOUTH DAKOTA,SD,US,STATE,2,CASES
1944,45,SOUTH DAKOTA,SD,US,STATE,2,CASES
1944,46,SOUTH DAKOTA,SD,US,STATE,1,CASES
1944,47,SOUTH DAKOTA,SD,US,STATE,0,CASES
1944,48,SOUTH DAKOTA,SD,US,STATE,0,CASES
1944,49,SOUTH DAKOTA,SD,US,STATE,1,CASES
1944,50,SOUTH DAKOTA,SD,US,STATE,2,CASES
1944,51,SOUTH DAKOTA,SD,US,STATE,0,CASES
1944,52,SOUTH DAKOTA,SD,US,STATE,1,CASES
1945,1,SOUTH DAKOTA,SD,US,STATE,1,CASES
1945,2,SOUTH DAKOTA,SD,US,STATE,0,CASES
1945,3,SOUTH DAKOTA,SD,US,STATE,0,CASES
1945,4,SOUTH DAKOTA,SD,US,STATE,0,CASES
1945,5,SOUTH DAKOTA,SD,US,STATE,0,CASES
1945,6,SOUTH DAKOTA,SD,US,STATE,5,CASES
1945,7,SOUTH DAKOTA,SD,US,STATE,3,CASES
1945,8,SOUTH DAKOTA,SD,US,STATE,2,CASES
1945,9,SOUTH DAKOTA,SD,US,STATE,1,CASES
1945,10,SOUTH DAKOTA,SD,US,STATE,6,CASES
1945,11,SOUTH DAKOTA,SD,US,STATE,0,CASES
1945,12,SOUTH DAKOTA,SD,US,STATE,0,CASES
1945,13,SOUTH DAKOTA,SD,US,STATE,2,CASES
1945,14,SOUTH DAKOTA,SD,US,STATE,0,CASES
1945,15,SOUTH DAKOTA,SD,US,STATE,4,CASES
1945,16,SOUTH DAKOTA,SD,US,STATE,0,CASES
1945,17,SOUTH DAKOTA,SD,US,STATE,3,CASES
1945,18,SOUTH DAKOTA,SD,US,STATE,2,CASES
1945,19,SOUTH DAKOTA,SD,US,STATE,1,CASES
1945,20,SOUTH DAKOTA,SD,US,STATE,1,CASES
1945,21,SOUTH DAKOTA,SD,US,STATE,1,CASES
1945,22,SOUTH DAKOTA,SD,US,STATE,0,CASES
1945,23,SOUTH DAKOTA,SD,US,STATE,4,CASES
1945,24,SOUTH DAKOTA,SD,US,STATE,0,CASES
1945,25,SOUTH DAKOTA,SD,US,STATE,0,CASES
1945,26,SOUTH DAKOTA,SD,US,STATE,2,CASES
1945,27,SOUTH DAKOTA,SD,US,STATE,2,CASES
1945,28,SOUTH DAKOTA,SD,US,STATE,1,CASES
1945,29,SOUTH DAKOTA,SD,US,STATE,1,CASES
1945,30,SOUTH DAKOTA,SD,US,STATE,0,CASES
1945,31,SOUTH DAKOTA,SD,US,STATE,0,CASES
1945,32,SOUTH DAKOTA,SD,US,STATE,6,CASES
1945,33,SOUTH DAKOTA,SD,US,STATE,4,CASES
1945,34,SOUTH DAKOTA,SD,US,STATE,2,CASES
1945,35,SOUTH DAKOTA,SD,US,STATE,3,CASES
1945,36,SOUTH DAKOTA,SD,US,STATE,6,CASES
1945,37,SOUTH DAKOTA,SD,US,STATE,7,CASES
1945,38,SOUTH DAKOTA,SD,US,STATE,1,CASES
1945,39,SOUTH DAKOTA,SD,US,STATE,3,CASES
1945,40,SOUTH DAKOTA,SD,US,STATE,0,CASES
1945,41,SOUTH DAKOTA,SD,US,STATE,2,CASES
1945,42,SOUTH DAKOTA,SD,US,STATE,4,CASES
1945,43,SOUTH DAKOTA,SD,US,STATE,0,CASES
1945,44,SOUTH DAKOTA,SD,US,STATE,0,CASES
1945,45,SOUTH DAKOTA,SD,US,STATE,3,CASES
1945,46,SOUTH DAKOTA,SD,US,STATE,5,CASES
1945,47,SOUTH DAKOTA,SD,US,STATE,2,CASES
1945,48,SOUTH DAKOTA,SD,US,STATE,1,CASES
1945,49,SOUTH DAKOTA,SD,US,STATE,0,CASES
1945,50,SOUTH DAKOTA,SD,US,STATE,0,CASES
1945,51,SOUTH DAKOTA,SD,US,STATE,3,CASES
1945,52,SOUTH DAKOTA,SD,US,STATE,2,CASES
1946,1,SOUTH DAKOTA,SD,US,STATE,0,CASES
1946,2,SOUTH DAKOTA,SD,US,STATE,4,CASES
1946,3,SOUTH DAKOTA,SD,US,STATE,0,CASES
1946,4,SOUTH DAKOTA,SD,US,STATE,0,CASES
1946,5,SOUTH DAKOTA,SD,US,STATE,2,CASES
1946,6,SOUTH DAKOTA,SD,US,STATE,2,CASES
1946,7,SOUTH DAKOTA,SD,US,STATE,1,CASES
1946,8,SOUTH DAKOTA,SD,US,STATE,0,CASES
1946,9,SOUTH DAKOTA,SD,US,STATE,1,CASES
1946,10,SOUTH DAKOTA,SD,US,STATE,1,CASES
1946,11,SOUTH DAKOTA,SD,US,STATE,0,CASES
1946,12,SOUTH DAKOTA,SD,US,STATE,0,CASES
1946,13,SOUTH DAKOTA,SD,US,STATE,5,CASES
1946,14,SOUTH DAKOTA,SD,US,STATE,5,CASES
1946,15,SOUTH DAKOTA,SD,US,STATE,1,CASES
1946,16,SOUTH DAKOTA,SD,US,STATE,1,CASES
1946,17,SOUTH DAKOTA,SD,US,STATE,3,CASES
1946,19,SOUTH DAKOTA,SD,US,STATE,5,CASES
1946,20,SOUTH DAKOTA,SD,US,STATE,7,CASES
1946,22,SOUTH DAKOTA,SD,US,STATE,5,CASES
1946,23,SOUTH DAKOTA,SD,US,STATE,0,CASES
1946,24,SOUTH DAKOTA,SD,US,STATE,1,CASES
1946,25,SOUTH DAKOTA,SD,US,STATE,2,CASES
1946,26,SOUTH DAKOTA,SD,US,STATE,0,CASES
1946,27,SOUTH DAKOTA,SD,US,STATE,1,CASES
1946,28,SOUTH DAKOTA,SD,US,STATE,4,CASES
1946,29,SOUTH DAKOTA,SD,US,STATE,0,CASES
1946,30,SOUTH DAKOTA,SD,US,STATE,0,CASES
1946,31,SOUTH DAKOTA,SD,US,STATE,1,CASES
1946,32,SOUTH DAKOTA,SD,US,STATE,1,CASES
1946,33,SOUTH DAKOTA,SD,US,STATE,1,CASES
1946,34,SOUTH DAKOTA,SD,US,STATE,0,CASES
1946,35,SOUTH DAKOTA,SD,US,STATE,1,CASES
1946,36,SOUTH DAKOTA,SD,US,STATE,1,CASES
1946,37,SOUTH DAKOTA,SD,US,STATE,0,CASES
1946,38,SOUTH DAKOTA,SD,US,STATE,3,CASES
1946,39,SOUTH DAKOTA,SD,US,STATE,2,CASES
1946,40,SOUTH DAKOTA,SD,US,STATE,0,CASES
1946,41,SOUTH DAKOTA,SD,US,STATE,2,CASES
1946,42,SOUTH DAKOTA,SD,US,STATE,2,CASES
1946,43,SOUTH DAKOTA,SD,US,STATE,1,CASES
1946,44,SOUTH DAKOTA,SD,US,STATE,0,CASES
1946,45,SOUTH DAKOTA,SD,US,STATE,0,CASES
1946,46,SOUTH DAKOTA,SD,US,STATE,0,CASES
1946,47,SOUTH DAKOTA,SD,US,STATE,0,CASES
1946,48,SOUTH DAKOTA,SD,US,STATE,0,CASES
1946,49,SOUTH DAKOTA,SD,US,STATE,0,CASES
1946,50,SOUTH DAKOTA,SD,US,STATE,3,CASES
1946,51,SOUTH DAKOTA,SD,US,STATE,1,CASES
1946,52,SOUTH DAKOTA,SD,US,STATE,0,CASES
1947,2,SOUTH DAKOTA,SD,US,STATE,5,CASES
1947,3,SOUTH DAKOTA,SD,US,STATE,0,CASES
1947,4,SOUTH DAKOTA,SD,US,STATE,0,CASES
1947,5,SOUTH DAKOTA,SD,US,STATE,2,CASES
1947,6,SOUTH DAKOTA,SD,US,STATE,0,CASES
1947,7,SOUTH DAKOTA,SD,US,STATE,3,CASES
1947,8,SOUTH DAKOTA,SD,US,STATE,0,CASES
1947,9,SOUTH DAKOTA,SD,US,STATE,3,CASES
1947,10,SOUTH DAKOTA,SD,US,STATE,2,CASES
1947,11,SOUTH DAKOTA,SD,US,STATE,1,CASES
1947,12,SOUTH DAKOTA,SD,US,STATE,3,CASES
1947,13,SOUTH DAKOTA,SD,US,STATE,0,CASES
1947,14,SOUTH DAKOTA,SD,US,STATE,0,CASES
1947,15,SOUTH DAKOTA,SD,US,STATE,1,CASES
1947,16,SOUTH DAKOTA,SD,US,STATE,4,CASES
1947,17,SOUTH DAKOTA,SD,US,STATE,0,CASES
1947,18,SOUTH DAKOTA,SD,US,STATE,1,CASES
1947,19,SOUTH DAKOTA,SD,US,STATE,0,CASES
1947,20,SOUTH DAKOTA,SD,US,STATE,0,CASES
1947,21,SOUTH DAKOTA,SD,US,STATE,1,CASES
1947,22,SOUTH DAKOTA,SD,US,STATE,0,CASES
1947,23,SOUTH DAKOTA,SD,US,STATE,0,CASES
1947,24,SOUTH DAKOTA,SD,US,STATE,1,CASES
1947,25,SOUTH DAKOTA,SD,US,STATE,0,CASES
1947,26,SOUTH DAKOTA,SD,US,STATE,0,CASES
1947,27,SOUTH DAKOTA,SD,US,STATE,0,CASES
1947,28,SOUTH DAKOTA,SD,US,STATE,0,CASES
1947,29,SOUTH DAKOTA,SD,US,STATE,1,CASES
1947,30,SOUTH DAKOTA,SD,US,STATE,2,CASES
1947,31,SOUTH DAKOTA,SD,US,STATE,1,CASES
1947,32,SOUTH DAKOTA,SD,US,STATE,0,CASES
1947,33,SOUTH DAKOTA,SD,US,STATE,0,CASES
1947,34,SOUTH DAKOTA,SD,US,STATE,0,CASES
1947,35,SOUTH DAKOTA,SD,US,STATE,0,CASES
1947,36,SOUTH DAKOTA,SD,US,STATE,1,CASES
1947,37,SOUTH DAKOTA,SD,US,STATE,3,CASES
1947,38,SOUTH DAKOTA,SD,US,STATE,3,CASES
1947,39,SOUTH DAKOTA,SD,US,STATE,0,CASES
1947,40,SOUTH DAKOTA,SD,US,STATE,1,CASES
1947,41,SOUTH DAKOTA,SD,US,STATE,1,CASES
1947,42,SOUTH DAKOTA,SD,US,STATE,0,CASES
1947,43,SOUTH DAKOTA,SD,US,STATE,1,CASES
1947,44,SOUTH DAKOTA,SD,US,STATE,0,CASES
1947,45,SOUTH DAKOTA,SD,US,STATE,2,CASES
1947,46,SOUTH DAKOTA,SD,US,STATE,0,CASES
1947,47,SOUTH DAKOTA,SD,US,STATE,2,CASES
1947,48,SOUTH DAKOTA,SD,US,STATE,0,CASES
1947,49,SOUTH DAKOTA,SD,US,STATE,1,CASES
1947,50,SOUTH DAKOTA,SD,US,STATE,0,CASES
1947,51,SOUTH DAKOTA,SD,US,STATE,1,CASES
1947,52,SOUTH DAKOTA,SD,US,STATE,0,CASES
1948,1,SOUTH DAKOTA,SD,US,STATE,0,CASES
1948,2,SOUTH DAKOTA,SD,US,STATE,0,CASES
1948,3,SOUTH DAKOTA,SD,US,STATE,0,CASES
1948,4,SOUTH DAKOTA,SD,US,STATE,0,CASES
1948,5,SOUTH DAKOTA,SD,US,STATE,0,CASES
1948,6,SOUTH DAKOTA,SD,US,STATE,2,CASES
1948,7,SOUTH DAKOTA,SD,US,STATE,0,CASES
1948,8,SOUTH DAKOTA,SD,US,STATE,0,CASES
1948,9,SOUTH DAKOTA,SD,US,STATE,0,CASES
1948,10,SOUTH DAKOTA,SD,US,STATE,0,CASES
1948,11,SOUTH DAKOTA,SD,US,STATE,0,CASES
1948,12,SOUTH DAKOTA,SD,US,STATE,1,CASES
1948,13,SOUTH DAKOTA,SD,US,STATE,0,CASES
1948,14,SOUTH DAKOTA,SD,US,STATE,0,CASES
1948,15,SOUTH DAKOTA,SD,US,STATE,0,CASES
1948,16,SOUTH DAKOTA,SD,US,STATE,0,CASES
1948,17,SOUTH DAKOTA,SD,US,STATE,0,CASES
1948,18,SOUTH DAKOTA,SD,US,STATE,1,CASES
1948,19,SOUTH DAKOTA,SD,US,STATE,0,CASES
1948,20,SOUTH DAKOTA,SD,US,STATE,2,CASES
1948,21,SOUTH DAKOTA,SD,US,STATE,0,CASES
1948,22,SOUTH DAKOTA,SD,US,STATE,1,CASES
1948,23,SOUTH DAKOTA,SD,US,STATE,2,CASES
1948,24,SOUTH DAKOTA,SD,US,STATE,3,CASES
1948,25,SOUTH DAKOTA,SD,US,STATE,1,CASES
1948,26,SOUTH DAKOTA,SD,US,STATE,0,CASES
1948,29,SOUTH DAKOTA,SD,US,STATE,3,CASES
1948,31,SOUTH DAKOTA,SD,US,STATE,2,CASES
1948,33,SOUTH DAKOTA,SD,US,STATE,1,CASES
1948,37,SOUTH DAKOTA,SD,US,STATE,1,CASES
1948,40,SOUTH DAKOTA,SD,US,STATE,1,CASES
1948,42,SOUTH DAKOTA,SD,US,STATE,2,CASES
1948,44,SOUTH DAKOTA,SD,US,STATE,2,CASES
1949,1,SOUTH DAKOTA,SD,US,STATE,1,CASES
1949,7,SOUTH DAKOTA,SD,US,STATE,1,CASES
1949,9,SOUTH DAKOTA,SD,US,STATE,1,CASES
1949,11,SOUTH DAKOTA,SD,US,STATE,1,CASES
1949,12,SOUTH DAKOTA,SD,US,STATE,1,CASES
1949,17,SOUTH DAKOTA,SD,US,STATE,1,CASES
1949,18,SOUTH DAKOTA,SD,US,STATE,1,CASES
1949,20,SOUTH DAKOTA,SD,US,STATE,1,CASES
1949,38,SOUTH DAKOTA,SD,US,STATE,1,CASES
1949,39,SOUTH DAKOTA,SD,US,STATE,1,CASES
1949,45,SOUTH DAKOTA,SD,US,STATE,5,CASES
1950,1,SOUTH DAKOTA,SD,US,STATE,1,CASES
1950,2,SOUTH DAKOTA,SD,US,STATE,2,CASES
1950,6,SOUTH DAKOTA,SD,US,STATE,1,CASES
1950,7,SOUTH DAKOTA,SD,US,STATE,1,CASES
1950,8,SOUTH DAKOTA,SD,US,STATE,1,CASES
1950,9,SOUTH DAKOTA,SD,US,STATE,3,CASES
1950,11,SOUTH DAKOTA,SD,US,STATE,3,CASES
1950,12,SOUTH DAKOTA,SD,US,STATE,1,CASES
1950,15,SOUTH DAKOTA,SD,US,STATE,2,CASES
1950,17,SOUTH DAKOTA,SD,US,STATE,1,CASES
1950,18,SOUTH DAKOTA,SD,US,STATE,1,CASES
1950,20,SOUTH DAKOTA,SD,US,STATE,1,CASES
1950,27,SOUTH DAKOTA,SD,US,STATE,1,CASES
1950,38,SOUTH DAKOTA,SD,US,STATE,2,CASES
1950,46,SOUTH DAKOTA,SD,US,STATE,1,CASES
1951,1,SOUTH DAKOTA,SD,US,STATE,1,CASES
1951,5,SOUTH DAKOTA,SD,US,STATE,1,CASES
1951,8,SOUTH DAKOTA,SD,US,STATE,1,CASES
1951,12,SOUTH DAKOTA,SD,US,STATE,2,CASES
1951,25,SOUTH DAKOTA,SD,US,STATE,3,CASES
1951,38,SOUTH DAKOTA,SD,US,STATE,1,CASES
1951,5,SOUTH DAKOTA,SD,US,STATE,1,CASES
1952,2,SOUTH DAKOTA,SD,US,STATE,1,CASES
1952,4,SOUTH DAKOTA,SD,US,STATE,1,CASES
1952,8,SOUTH DAKOTA,SD,US,STATE,1,CASES
1952,13,SOUTH DAKOTA,SD,US,STATE,3,CASES
1952,38,SOUTH DAKOTA,SD,US,STATE,1,CASES
1953,2,SOUTH DAKOTA,SD,US,STATE,1,CASES
1952,53,SOUTH DAKOTA,SD,US,STATE,1,CASES
1953,44,SOUTH DAKOTA,SD,US,STATE,1,CASES
1954,4,SOUTH DAKOTA,SD,US,STATE,6,CASES
1954,5,SOUTH DAKOTA,SD,US,STATE,1,CASES
1954,9,SOUTH DAKOTA,SD,US,STATE,1,CASES
1954,14,SOUTH DAKOTA,SD,US,STATE,1,CASES
1954,23,SOUTH DAKOTA,SD,US,STATE,1,CASES
1954,32,SOUTH DAKOTA,SD,US,STATE,1,CASES
1954,49,SOUTH DAKOTA,SD,US,STATE,2,CASES
1955,1,SOUTH DAKOTA,SD,US,STATE,5,CASES
1955,2,SOUTH DAKOTA,SD,US,STATE,1,CASES
1955,4,SOUTH DAKOTA,SD,US,STATE,1,CASES
1955,5,SOUTH DAKOTA,SD,US,STATE,1,CASES
1955,6,SOUTH DAKOTA,SD,US,STATE,2,CASES
1955,9,SOUTH DAKOTA,SD,US,STATE,4,CASES
1955,12,SOUTH DAKOTA,SD,US,STATE,2,CASES
1955,13,SOUTH DAKOTA,SD,US,STATE,11,CASES
1955,15,SOUTH DAKOTA,SD,US,STATE,4,CASES
1955,23,SOUTH DAKOTA,SD,US,STATE,1,CASES
1955,24,SOUTH DAKOTA,SD,US,STATE,1,CASES
1955,28,SOUTH DAKOTA,SD,US,STATE,1,CASES
1955,29,SOUTH DAKOTA,SD,US,STATE,1,CASES
1955,30,SOUTH DAKOTA,SD,US,STATE,1,CASES
1955,31,SOUTH DAKOTA,SD,US,STATE,1,CASES
1955,35,SOUTH DAKOTA,SD,US,STATE,2,CASES
1955,36,SOUTH DAKOTA,SD,US,STATE,1,CASES
1955,39,SOUTH DAKOTA,SD,US,STATE,2,CASES
1955,40,SOUTH DAKOTA,SD,US,STATE,2,CASES
1955,41,SOUTH DAKOTA,SD,US,STATE,1,CASES
1955,42,SOUTH DAKOTA,SD,US,STATE,1,CASES
1955,47,SOUTH DAKOTA,SD,US,STATE,1,CASES
1956,9,SOUTH DAKOTA,SD,US,STATE,1,CASES
1956,15,SOUTH DAKOTA,SD,US,STATE,2,CASES
1956,22,SOUTH DAKOTA,SD,US,STATE,2,CASES
1956,26,SOUTH DAKOTA,SD,US,STATE,2,CASES
1956,30,SOUTH DAKOTA,SD,US,STATE,1,CASES
1956,36,SOUTH DAKOTA,SD,US,STATE,1,CASES
1956,42,SOUTH DAKOTA,SD,US,STATE,1,CASES
1956,48,SOUTH DAKOTA,SD,US,STATE,2,CASES
1956,50,SOUTH DAKOTA,SD,US,STATE,1,CASES
1956,51,SOUTH DAKOTA,SD,US,STATE,1,CASES
1957,4,SOUTH DAKOTA,SD,US,STATE,1,CASES
1957,5,SOUTH DAKOTA,SD,US,STATE,2,CASES
1957,6,SOUTH DAKOTA,SD,US,STATE,1,CASES
1957,20,SOUTH DAKOTA,SD,US,STATE,1,CASES
1957,28,SOUTH DAKOTA,SD,US,STATE,1,CASES
1957,44,SOUTH DAKOTA,SD,US,STATE,1,CASES
1957,47,SOUTH DAKOTA,SD,US,STATE,3,CASES
1958,13,SOUTH DAKOTA,SD,US,STATE,1,CASES
1958,15,SOUTH DAKOTA,SD,US,STATE,1,CASES
1958,18,SOUTH DAKOTA,SD,US,STATE,1,CASES
1958,28,SOUTH DAKOTA,SD,US,STATE,1,CASES
1958,31,SOUTH DAKOTA,SD,US,STATE,1,CASES
1958,41,SOUTH DAKOTA,SD,US,STATE,3,CASES
1958,42,SOUTH DAKOTA,SD,US,STATE,5,CASES
1958,43,SOUTH DAKOTA,SD,US,STATE,2,CASES
1958,45,SOUTH DAKOTA,SD,US,STATE,1,CASES
1958,46,SOUTH DAKOTA,SD,US,STATE,1,CASES
1958,50,SOUTH DAKOTA,SD,US,STATE,1,CASES
1959,9,SOUTH DAKOTA,SD,US,STATE,2,CASES
1959,18,SOUTH DAKOTA,SD,US,STATE,1,CASES
1959,50,SOUTH DAKOTA,SD,US,STATE,1,CASES
1960,4,SOUTH DAKOTA,SD,US,STATE,2,CASES
1960,8,SOUTH DAKOTA,SD,US,STATE,1,CASES
1960,17,SOUTH DAKOTA,SD,US,STATE,1,CASES
1960,42,SOUTH DAKOTA,SD,US,STATE,1,CASES
1960,43,SOUTH DAKOTA,SD,US,STATE,2,CASES
1960,44,SOUTH DAKOTA,SD,US,STATE,1,CASES
1960,48,SOUTH DAKOTA,SD,US,STATE,1,CASES
1961,3,SOUTH DAKOTA,SD,US,STATE,2,CASES
1961,7,SOUTH DAKOTA,SD,US,STATE,1,CASES
1961,13,SOUTH DAKOTA,SD,US,STATE,1,CASES
1961,18,SOUTH DAKOTA,SD,US,STATE,1,CASES
1961,41,SOUTH DAKOTA,SD,US,STATE,1,CASES
1962,7,SOUTH DAKOTA,SD,US,STATE,3,CASES
1962,14,SOUTH DAKOTA,SD,US,STATE,1,CASES
1962,17,SOUTH DAKOTA,SD,US,STATE,1,CASES
1962,18,SOUTH DAKOTA,SD,US,STATE,2,CASES
1962,20,SOUTH DAKOTA,SD,US,STATE,3,CASES
1962,22,SOUTH DAKOTA,SD,US,STATE,1,CASES
1962,27,SOUTH DAKOTA,SD,US,STATE,1,CASES
1962,37,SOUTH DAKOTA,SD,US,STATE,1,CASES
1962,38,SOUTH DAKOTA,SD,US,STATE,1,CASES
1962,39,SOUTH DAKOTA,SD,US,STATE,1,CASES
1962,41,SOUTH DAKOTA,SD,US,STATE,1,CASES
1962,48,SOUTH DAKOTA,SD,US,STATE,2,CASES
1962,50,SOUTH DAKOTA,SD,US,STATE,2,CASES
1962,51,SOUTH DAKOTA,SD,US,STATE,2,CASES
1962,52,SOUTH DAKOTA,SD,US,STATE,1,CASES
1963,1,SOUTH DAKOTA,SD,US,STATE,1,CASES
1963,2,SOUTH DAKOTA,SD,US,STATE,1,CASES
1963,4,SOUTH DAKOTA,SD,US,STATE,2,CASES
1963,5,SOUTH DAKOTA,SD,US,STATE,2,CASES
1963,10,SOUTH DAKOTA,SD,US,STATE,1,CASES
1963,18,SOUTH DAKOTA,SD,US,STATE,1,CASES
1963,20,SOUTH DAKOTA,SD,US,STATE,1,CASES
1963,24,SOUTH DAKOTA,SD,US,STATE,1,CASES
1963,29,SOUTH DAKOTA,SD,US,STATE,1,CASES
1963,41,SOUTH DAKOTA,SD,US,STATE,1,CASES
1963,49,SOUTH DAKOTA,SD,US,STATE,1,CASES
1963,51,SOUTH DAKOTA,SD,US,STATE,1,CASES
1964,16,SOUTH DAKOTA,SD,US,STATE,1,CASES
1964,40,SOUTH DAKOTA,SD,US,STATE,1,CASES
1964,48,SOUTH DAKOTA,SD,US,STATE,1,CASES
1965,1,SOUTH DAKOTA,SD,US,STATE,1,CASES
1965,2,SOUTH DAKOTA,SD,US,STATE,1,CASES
1965,11,SOUTH DAKOTA,SD,US,STATE,3,CASES
1965,13,SOUTH DAKOTA,SD,US,STATE,1,CASES
1965,14,SOUTH DAKOTA,SD,US,STATE,2,CASES
1965,44,SOUTH DAKOTA,SD,US,STATE,1,CASES
1965,47,SOUTH DAKOTA,SD,US,STATE,1,CASES
1966,7,SOUTH DAKOTA,SD,US,STATE,1,CASES
1966,9,SOUTH DAKOTA,SD,US,STATE,1,CASES
1966,45,SOUTH DAKOTA,SD,US,STATE,1,CASES
1966,51,SOUTH DAKOTA,SD,US,STATE,1,CASES
1967,25,SOUTH DAKOTA,SD,US,STATE,1,CASES
1969,15,SOUTH DAKOTA,SD,US,STATE,1,CASES
1969,49,SOUTH DAKOTA,SD,US,STATE,2,CASES
1970,41,SOUTH DAKOTA,SD,US,STATE,1,CASES
1970,43,SOUTH DAKOTA,SD,US,STATE,1,CASES
1970,45,SOUTH DAKOTA,SD,US,STATE,1,CASES
1970,47,SOUTH DAKOTA,SD,US,STATE,1,CASES
1970,51,SOUTH DAKOTA,SD,US,STATE,1,CASES
1970,52,SOUTH DAKOTA,SD,US,STATE,1,CASES
1971,2,SOUTH DAKOTA,SD,US,STATE,3,CASES
1971,5,SOUTH DAKOTA,SD,US,STATE,1,CASES
1971,39,SOUTH DAKOTA,SD,US,STATE,2,CASES
1971,40,SOUTH DAKOTA,SD,US,STATE,4,CASES
1971,41,SOUTH DAKOTA,SD,US,STATE,2,CASES
1971,42,SOUTH DAKOTA,SD,US,STATE,9,CASES
1971,44,SOUTH DAKOTA,SD,US,STATE,1,CASES
1971,46,SOUTH DAKOTA,SD,US,STATE,3,CASES
1971,48,SOUTH DAKOTA,SD,US,STATE,2,CASES
1972,9,SOUTH DAKOTA,SD,US,STATE,1,CASES
1972,14,SOUTH DAKOTA,SD,US,STATE,1,CASES
1972,16,SOUTH DAKOTA,SD,US,STATE,1,CASES
1972,17,SOUTH DAKOTA,SD,US,STATE,1,CASES
1972,44,SOUTH DAKOTA,SD,US,STATE,2,CASES
1972,46,SOUTH DAKOTA,SD,US,STATE,6,CASES
1972,47,SOUTH DAKOTA,SD,US,STATE,1,CASES
1972,50,SOUTH DAKOTA,SD,US,STATE,2,CASES
1973,1,SOUTH DAKOTA,SD,US,STATE,2,CASES
1973,6,SOUTH DAKOTA,SD,US,STATE,1,CASES
1973,8,SOUTH DAKOTA,SD,US,STATE,1,CASES
1973,12,SOUTH DAKOTA,SD,US,STATE,2,CASES
1973,15,SOUTH DAKOTA,SD,US,STATE,1,CASES
1976,5,SOUTH DAKOTA,SD,US,STATE,1,CASES
1976,7,SOUTH DAKOTA,SD,US,STATE,1,CASES
1976,12,SOUTH DAKOTA,SD,US,STATE,1,CASES
